[
null,
{"id":1,"list":[{"code":111,"indent":0,"parameters":[0,1,0]},{"code":121,"indent":1,"parameters":[1,1,1]},{"code":235,"indent":1,"parameters":[1]},{"code":235,"indent":1,"parameters":[10]},{"code":235,"indent":1,"parameters":[11]},{"code":235,"indent":1,"parameters":[12]},{"code":235,"indent":1,"parameters":[13]},{"code":211,"indent":1,"parameters":[1]},{"code":201,"indent":1,"parameters":[0,1,10,4,0,0]},{"code":121,"indent":1,"parameters":[114,114,0]},{"code":0,"indent":1,"parameters":[]},{"code":412,"indent":0,"parameters":[]},{"code":0,"indent":0,"parameters":[]}],"name":"returnFromComputer","switchId":1,"trigger":0},
{"id":2,"list":[{"code":357,"indent":0,"parameters":["EliMZ_MoveChoices","setupMovement","Show/Move Choice",{"position":"{\"initial\":\"\",\"duration\":\"0\",\"easing\":\"linear\",\"outsideX\":\"left\",\"outsideY\":\"none\",\"target\":\"\",\"alignX\":\"none\",\"offsetX\":\"80\",\"alignY\":\"none\",\"offsetY\":\"240\"}"}]},{"code":657,"indent":0,"parameters":["Position = {\"initial\":\"\",\"duration\":\"0\",\"easing\":\"linear\",\"…"]},{"code":231,"indent":0,"parameters":[1,"1",0,0,100,100,100,100,255,0]},{"code":111,"indent":0,"parameters":[1,1,0,0,5]},{"code":119,"indent":1,"parameters":["BACK"]},{"code":0,"indent":1,"parameters":[]},{"code":412,"indent":0,"parameters":[]},{"code":118,"indent":0,"parameters":["START"]},{"code":111,"indent":0,"parameters":[1,2,0,3,0]},{"code":353,"indent":1,"parameters":[]},{"code":0,"indent":1,"parameters":[]},{"code":412,"indent":0,"parameters":[]},{"code":111,"indent":0,"parameters":[1,3,0,30,0]},{"code":0,"indent":1,"parameters":[]},{"code":412,"indent":0,"parameters":[]},{"code":122,"indent":0,"parameters":[1,1,0,2,1,100]},{"code":118,"indent":0,"parameters":["BACK"]},{"code":111,"indent":0,"parameters":[1,1,0,1,0]},{"code":111,"indent":1,"parameters":[0,2,1]},{"code":102,"indent":2,"parameters":[[">4",">17",">32",">-7"],-1,-1,1,2]},{"code":402,"indent":2,"parameters":[0,">4"]},{"code":0,"indent":3,"parameters":[]},{"code":402,"indent":2,"parameters":[1,">17"]},{"code":0,"indent":3,"parameters":[]},{"code":402,"indent":2,"parameters":[2,">32"]},{"code":0,"indent":3,"parameters":[]},{"code":402,"indent":2,"parameters":[3,">-7"]},{"code":115,"indent":3,"parameters":[]},{"code":0,"indent":3,"parameters":[]},{"code":404,"indent":2,"parameters":[]},{"code":0,"indent":2,"parameters":[]},{"code":412,"indent":1,"parameters":[]},{"code":121,"indent":1,"parameters":[2,2,0]},{"code":119,"indent":1,"parameters":["START"]},{"code":0,"indent":1,"parameters":[]},{"code":412,"indent":0,"parameters":[]},{"code":111,"indent":0,"parameters":[1,1,0,2,0]},{"code":111,"indent":1,"parameters":[0,3,1]},{"code":0,"indent":2,"parameters":[]},{"code":412,"indent":1,"parameters":[]},{"code":121,"indent":1,"parameters":[3,3,0]},{"code":119,"indent":1,"parameters":["START"]},{"code":0,"indent":1,"parameters":[]},{"code":412,"indent":0,"parameters":[]},{"code":111,"indent":0,"parameters":[1,1,0,3,0]},{"code":111,"indent":1,"parameters":[0,4,1]},{"code":0,"indent":2,"parameters":[]},{"code":412,"indent":1,"parameters":[]},{"code":121,"indent":1,"parameters":[4,4,0]},{"code":119,"indent":1,"parameters":["START"]},{"code":0,"indent":1,"parameters":[]},{"code":412,"indent":0,"parameters":[]},{"code":111,"indent":0,"parameters":[1,1,0,4,0]},{"code":111,"indent":1,"parameters":[0,5,1]},{"code":0,"indent":2,"parameters":[]},{"code":412,"indent":1,"parameters":[]},{"code":121,"indent":1,"parameters":[5,5,0]},{"code":119,"indent":1,"parameters":["START"]},{"code":0,"indent":1,"parameters":[]},{"code":412,"indent":0,"parameters":[]},{"code":111,"indent":0,"parameters":[1,1,0,5,0]},{"code":111,"indent":1,"parameters":[0,6,1]},{"code":0,"indent":2,"parameters":[]},{"code":412,"indent":1,"parameters":[]},{"code":121,"indent":1,"parameters":[6,6,0]},{"code":119,"indent":1,"parameters":["START"]},{"code":0,"indent":1,"parameters":[]},{"code":412,"indent":0,"parameters":[]},{"code":111,"indent":0,"parameters":[1,1,0,6,0]},{"code":111,"indent":1,"parameters":[0,7,1]},{"code":0,"indent":2,"parameters":[]},{"code":412,"indent":1,"parameters":[]},{"code":121,"indent":1,"parameters":[7,7,0]},{"code":119,"indent":1,"parameters":["START"]},{"code":0,"indent":1,"parameters":[]},{"code":412,"indent":0,"parameters":[]},{"code":119,"indent":0,"parameters":["START"]},{"code":111,"indent":0,"parameters":[1,1,0,7,0]},{"code":111,"indent":1,"parameters":[0,8,1]},{"code":0,"indent":2,"parameters":[]},{"code":412,"indent":1,"parameters":[]},{"code":121,"indent":1,"parameters":[8,8,0]},{"code":119,"indent":1,"parameters":["START"]},{"code":0,"indent":1,"parameters":[]},{"code":412,"indent":0,"parameters":[]},{"code":111,"indent":0,"parameters":[1,1,0,8,0]},{"code":111,"indent":1,"parameters":[0,9,1]},{"code":0,"indent":2,"parameters":[]},{"code":412,"indent":1,"parameters":[]},{"code":121,"indent":1,"parameters":[9,9,0]},{"code":119,"indent":1,"parameters":["START"]},{"code":0,"indent":1,"parameters":[]},{"code":412,"indent":0,"parameters":[]},{"code":111,"indent":0,"parameters":[1,1,0,9,0]},{"code":111,"indent":1,"parameters":[0,10,1]},{"code":0,"indent":2,"parameters":[]},{"code":412,"indent":1,"parameters":[]},{"code":121,"indent":1,"parameters":[10,10,0]},{"code":119,"indent":1,"parameters":["START"]},{"code":0,"indent":1,"parameters":[]},{"code":412,"indent":0,"parameters":[]},{"code":111,"indent":0,"parameters":[1,1,0,10,0]},{"code":111,"indent":1,"parameters":[0,11,1]},{"code":0,"indent":2,"parameters":[]},{"code":412,"indent":1,"parameters":[]},{"code":121,"indent":1,"parameters":[11,11,0]},{"code":119,"indent":1,"parameters":["START"]},{"code":0,"indent":1,"parameters":[]},{"code":412,"indent":0,"parameters":[]},{"code":111,"indent":0,"parameters":[1,1,0,11,0]},{"code":111,"indent":1,"parameters":[0,12,1]},{"code":0,"indent":2,"parameters":[]},{"code":412,"indent":1,"parameters":[]},{"code":121,"indent":1,"parameters":[12,12,0]},{"code":119,"indent":1,"parameters":["START"]},{"code":0,"indent":1,"parameters":[]},{"code":412,"indent":0,"parameters":[]},{"code":111,"indent":0,"parameters":[1,1,0,12,0]},{"code":111,"indent":1,"parameters":[0,13,1]},{"code":0,"indent":2,"parameters":[]},{"code":412,"indent":1,"parameters":[]},{"code":121,"indent":1,"parameters":[13,13,0]},{"code":119,"indent":1,"parameters":["START"]},{"code":0,"indent":1,"parameters":[]},{"code":412,"indent":0,"parameters":[]},{"code":111,"indent":0,"parameters":[1,1,0,13,0]},{"code":111,"indent":1,"parameters":[0,14,1]},{"code":0,"indent":2,"parameters":[]},{"code":412,"indent":1,"parameters":[]},{"code":121,"indent":1,"parameters":[14,14,0]},{"code":119,"indent":1,"parameters":["START"]},{"code":0,"indent":1,"parameters":[]},{"code":412,"indent":0,"parameters":[]},{"code":111,"indent":0,"parameters":[1,1,0,14,0]},{"code":111,"indent":1,"parameters":[0,15,1]},{"code":0,"indent":2,"parameters":[]},{"code":412,"indent":1,"parameters":[]},{"code":121,"indent":1,"parameters":[15,15,0]},{"code":119,"indent":1,"parameters":["START"]},{"code":0,"indent":1,"parameters":[]},{"code":412,"indent":0,"parameters":[]},{"code":111,"indent":0,"parameters":[1,1,0,15,0]},{"code":111,"indent":1,"parameters":[0,16,1]},{"code":0,"indent":2,"parameters":[]},{"code":412,"indent":1,"parameters":[]},{"code":121,"indent":1,"parameters":[16,16,0]},{"code":119,"indent":1,"parameters":["START"]},{"code":0,"indent":1,"parameters":[]},{"code":412,"indent":0,"parameters":[]},{"code":111,"indent":0,"parameters":[1,1,0,16,0]},{"code":111,"indent":1,"parameters":[0,17,1]},{"code":0,"indent":2,"parameters":[]},{"code":412,"indent":1,"parameters":[]},{"code":121,"indent":1,"parameters":[17,17,0]},{"code":119,"indent":1,"parameters":["START"]},{"code":0,"indent":1,"parameters":[]},{"code":412,"indent":0,"parameters":[]},{"code":111,"indent":0,"parameters":[1,1,0,17,0]},{"code":111,"indent":1,"parameters":[0,18,1]},{"code":0,"indent":2,"parameters":[]},{"code":412,"indent":1,"parameters":[]},{"code":121,"indent":1,"parameters":[18,18,0]},{"code":119,"indent":1,"parameters":["START"]},{"code":0,"indent":1,"parameters":[]},{"code":412,"indent":0,"parameters":[]},{"code":111,"indent":0,"parameters":[1,1,0,18,0]},{"code":111,"indent":1,"parameters":[0,19,1]},{"code":0,"indent":2,"parameters":[]},{"code":412,"indent":1,"parameters":[]},{"code":121,"indent":1,"parameters":[19,19,0]},{"code":119,"indent":1,"parameters":["START"]},{"code":0,"indent":1,"parameters":[]},{"code":412,"indent":0,"parameters":[]},{"code":111,"indent":0,"parameters":[1,1,0,19,0]},{"code":111,"indent":1,"parameters":[0,20,1]},{"code":0,"indent":2,"parameters":[]},{"code":412,"indent":1,"parameters":[]},{"code":121,"indent":1,"parameters":[20,20,0]},{"code":119,"indent":1,"parameters":["START"]},{"code":0,"indent":1,"parameters":[]},{"code":412,"indent":0,"parameters":[]},{"code":111,"indent":0,"parameters":[1,1,0,20,0]},{"code":111,"indent":1,"parameters":[0,21,1]},{"code":0,"indent":2,"parameters":[]},{"code":412,"indent":1,"parameters":[]},{"code":121,"indent":1,"parameters":[21,21,0]},{"code":119,"indent":1,"parameters":["START"]},{"code":0,"indent":1,"parameters":[]},{"code":412,"indent":0,"parameters":[]},{"code":111,"indent":0,"parameters":[1,1,0,21,0]},{"code":111,"indent":1,"parameters":[0,22,1]},{"code":0,"indent":2,"parameters":[]},{"code":412,"indent":1,"parameters":[]},{"code":121,"indent":1,"parameters":[22,22,0]},{"code":119,"indent":1,"parameters":["START"]},{"code":0,"indent":1,"parameters":[]},{"code":412,"indent":0,"parameters":[]},{"code":111,"indent":0,"parameters":[1,1,0,22,0]},{"code":111,"indent":1,"parameters":[0,23,1]},{"code":0,"indent":2,"parameters":[]},{"code":412,"indent":1,"parameters":[]},{"code":121,"indent":1,"parameters":[23,23,0]},{"code":119,"indent":1,"parameters":["START"]},{"code":0,"indent":1,"parameters":[]},{"code":412,"indent":0,"parameters":[]},{"code":111,"indent":0,"parameters":[1,1,0,23,0]},{"code":111,"indent":1,"parameters":[0,24,1]},{"code":0,"indent":2,"parameters":[]},{"code":412,"indent":1,"parameters":[]},{"code":121,"indent":1,"parameters":[24,24,0]},{"code":119,"indent":1,"parameters":["START"]},{"code":0,"indent":1,"parameters":[]},{"code":412,"indent":0,"parameters":[]},{"code":111,"indent":0,"parameters":[1,1,0,24,0]},{"code":111,"indent":1,"parameters":[0,25,1]},{"code":0,"indent":2,"parameters":[]},{"code":412,"indent":1,"parameters":[]},{"code":121,"indent":1,"parameters":[25,25,0]},{"code":119,"indent":1,"parameters":["START"]},{"code":0,"indent":1,"parameters":[]},{"code":412,"indent":0,"parameters":[]},{"code":111,"indent":0,"parameters":[1,1,0,25,0]},{"code":111,"indent":1,"parameters":[0,26,1]},{"code":0,"indent":2,"parameters":[]},{"code":412,"indent":1,"parameters":[]},{"code":121,"indent":1,"parameters":[26,26,0]},{"code":119,"indent":1,"parameters":["START"]},{"code":0,"indent":1,"parameters":[]},{"code":412,"indent":0,"parameters":[]},{"code":111,"indent":0,"parameters":[1,1,0,26,0]},{"code":111,"indent":1,"parameters":[0,27,1]},{"code":0,"indent":2,"parameters":[]},{"code":412,"indent":1,"parameters":[]},{"code":121,"indent":1,"parameters":[27,27,0]},{"code":119,"indent":1,"parameters":["START"]},{"code":0,"indent":1,"parameters":[]},{"code":412,"indent":0,"parameters":[]},{"code":111,"indent":0,"parameters":[1,1,0,27,0]},{"code":111,"indent":1,"parameters":[0,28,1]},{"code":0,"indent":2,"parameters":[]},{"code":412,"indent":1,"parameters":[]},{"code":121,"indent":1,"parameters":[28,28,0]},{"code":119,"indent":1,"parameters":["START"]},{"code":0,"indent":1,"parameters":[]},{"code":412,"indent":0,"parameters":[]},{"code":111,"indent":0,"parameters":[1,1,0,28,0]},{"code":111,"indent":1,"parameters":[0,29,1]},{"code":0,"indent":2,"parameters":[]},{"code":412,"indent":1,"parameters":[]},{"code":121,"indent":1,"parameters":[29,29,0]},{"code":119,"indent":1,"parameters":["START"]},{"code":0,"indent":1,"parameters":[]},{"code":412,"indent":0,"parameters":[]},{"code":111,"indent":0,"parameters":[1,1,0,29,0]},{"code":111,"indent":1,"parameters":[0,30,1]},{"code":0,"indent":2,"parameters":[]},{"code":412,"indent":1,"parameters":[]},{"code":121,"indent":1,"parameters":[30,30,0]},{"code":119,"indent":1,"parameters":["START"]},{"code":0,"indent":1,"parameters":[]},{"code":412,"indent":0,"parameters":[]},{"code":111,"indent":0,"parameters":[1,1,0,30,0]},{"code":111,"indent":1,"parameters":[0,31,1]},{"code":0,"indent":2,"parameters":[]},{"code":412,"indent":1,"parameters":[]},{"code":121,"indent":1,"parameters":[31,31,0]},{"code":119,"indent":1,"parameters":["START"]},{"code":0,"indent":1,"parameters":[]},{"code":412,"indent":0,"parameters":[]},{"code":111,"indent":0,"parameters":[1,1,0,31,0]},{"code":111,"indent":1,"parameters":[0,32,1]},{"code":0,"indent":2,"parameters":[]},{"code":412,"indent":1,"parameters":[]},{"code":121,"indent":1,"parameters":[32,32,0]},{"code":119,"indent":1,"parameters":["START"]},{"code":0,"indent":1,"parameters":[]},{"code":412,"indent":0,"parameters":[]},{"code":111,"indent":0,"parameters":[1,1,0,32,0]},{"code":111,"indent":1,"parameters":[0,33,1]},{"code":0,"indent":2,"parameters":[]},{"code":412,"indent":1,"parameters":[]},{"code":121,"indent":1,"parameters":[33,33,0]},{"code":119,"indent":1,"parameters":["START"]},{"code":0,"indent":1,"parameters":[]},{"code":412,"indent":0,"parameters":[]},{"code":111,"indent":0,"parameters":[1,1,0,33,0]},{"code":111,"indent":1,"parameters":[0,34,1]},{"code":0,"indent":2,"parameters":[]},{"code":412,"indent":1,"parameters":[]},{"code":121,"indent":1,"parameters":[34,34,0]},{"code":119,"indent":1,"parameters":["START"]},{"code":0,"indent":1,"parameters":[]},{"code":412,"indent":0,"parameters":[]},{"code":111,"indent":0,"parameters":[1,1,0,34,0]},{"code":111,"indent":1,"parameters":[0,35,1]},{"code":0,"indent":2,"parameters":[]},{"code":412,"indent":1,"parameters":[]},{"code":121,"indent":1,"parameters":[35,35,0]},{"code":119,"indent":1,"parameters":["START"]},{"code":0,"indent":1,"parameters":[]},{"code":412,"indent":0,"parameters":[]},{"code":111,"indent":0,"parameters":[1,1,0,35,0]},{"code":111,"indent":1,"parameters":[0,36,1]},{"code":0,"indent":2,"parameters":[]},{"code":412,"indent":1,"parameters":[]},{"code":121,"indent":1,"parameters":[36,36,0]},{"code":119,"indent":1,"parameters":["START"]},{"code":0,"indent":1,"parameters":[]},{"code":412,"indent":0,"parameters":[]},{"code":111,"indent":0,"parameters":[1,1,0,36,0]},{"code":111,"indent":1,"parameters":[0,37,1]},{"code":0,"indent":2,"parameters":[]},{"code":412,"indent":1,"parameters":[]},{"code":121,"indent":1,"parameters":[37,37,0]},{"code":119,"indent":1,"parameters":["START"]},{"code":0,"indent":1,"parameters":[]},{"code":412,"indent":0,"parameters":[]},{"code":111,"indent":0,"parameters":[1,1,0,37,0]},{"code":111,"indent":1,"parameters":[0,38,1]},{"code":0,"indent":2,"parameters":[]},{"code":412,"indent":1,"parameters":[]},{"code":121,"indent":1,"parameters":[38,38,0]},{"code":119,"indent":1,"parameters":["START"]},{"code":0,"indent":1,"parameters":[]},{"code":412,"indent":0,"parameters":[]},{"code":111,"indent":0,"parameters":[1,1,0,38,0]},{"code":111,"indent":1,"parameters":[0,39,1]},{"code":0,"indent":2,"parameters":[]},{"code":412,"indent":1,"parameters":[]},{"code":121,"indent":1,"parameters":[39,39,0]},{"code":119,"indent":1,"parameters":["START"]},{"code":0,"indent":1,"parameters":[]},{"code":412,"indent":0,"parameters":[]},{"code":111,"indent":0,"parameters":[1,1,0,39,0]},{"code":111,"indent":1,"parameters":[0,40,1]},{"code":0,"indent":2,"parameters":[]},{"code":412,"indent":1,"parameters":[]},{"code":121,"indent":1,"parameters":[40,40,0]},{"code":119,"indent":1,"parameters":["START"]},{"code":0,"indent":1,"parameters":[]},{"code":412,"indent":0,"parameters":[]},{"code":111,"indent":0,"parameters":[1,1,0,40,0]},{"code":111,"indent":1,"parameters":[0,41,1]},{"code":0,"indent":2,"parameters":[]},{"code":412,"indent":1,"parameters":[]},{"code":121,"indent":1,"parameters":[41,41,0]},{"code":119,"indent":1,"parameters":["START"]},{"code":0,"indent":1,"parameters":[]},{"code":412,"indent":0,"parameters":[]},{"code":111,"indent":0,"parameters":[1,1,0,41,0]},{"code":111,"indent":1,"parameters":[0,42,1]},{"code":0,"indent":2,"parameters":[]},{"code":412,"indent":1,"parameters":[]},{"code":121,"indent":1,"parameters":[42,42,0]},{"code":119,"indent":1,"parameters":["START"]},{"code":0,"indent":1,"parameters":[]},{"code":412,"indent":0,"parameters":[]},{"code":111,"indent":0,"parameters":[1,1,0,42,0]},{"code":111,"indent":1,"parameters":[0,43,1]},{"code":0,"indent":2,"parameters":[]},{"code":412,"indent":1,"parameters":[]},{"code":121,"indent":1,"parameters":[43,43,0]},{"code":119,"indent":1,"parameters":["START"]},{"code":0,"indent":1,"parameters":[]},{"code":412,"indent":0,"parameters":[]},{"code":111,"indent":0,"parameters":[1,1,0,43,0]},{"code":111,"indent":1,"parameters":[0,44,1]},{"code":0,"indent":2,"parameters":[]},{"code":412,"indent":1,"parameters":[]},{"code":121,"indent":1,"parameters":[44,44,0]},{"code":119,"indent":1,"parameters":["START"]},{"code":0,"indent":1,"parameters":[]},{"code":412,"indent":0,"parameters":[]},{"code":111,"indent":0,"parameters":[1,1,0,44,0]},{"code":111,"indent":1,"parameters":[0,45,1]},{"code":0,"indent":2,"parameters":[]},{"code":412,"indent":1,"parameters":[]},{"code":121,"indent":1,"parameters":[45,45,0]},{"code":119,"indent":1,"parameters":["START"]},{"code":0,"indent":1,"parameters":[]},{"code":412,"indent":0,"parameters":[]},{"code":111,"indent":0,"parameters":[1,1,0,45,0]},{"code":111,"indent":1,"parameters":[0,46,1]},{"code":0,"indent":2,"parameters":[]},{"code":412,"indent":1,"parameters":[]},{"code":121,"indent":1,"parameters":[46,46,0]},{"code":119,"indent":1,"parameters":["START"]},{"code":0,"indent":1,"parameters":[]},{"code":412,"indent":0,"parameters":[]},{"code":111,"indent":0,"parameters":[1,1,0,46,0]},{"code":111,"indent":1,"parameters":[0,47,1]},{"code":0,"indent":2,"parameters":[]},{"code":412,"indent":1,"parameters":[]},{"code":121,"indent":1,"parameters":[47,47,0]},{"code":119,"indent":1,"parameters":["START"]},{"code":0,"indent":1,"parameters":[]},{"code":412,"indent":0,"parameters":[]},{"code":111,"indent":0,"parameters":[1,1,0,47,0]},{"code":111,"indent":1,"parameters":[0,48,1]},{"code":0,"indent":2,"parameters":[]},{"code":412,"indent":1,"parameters":[]},{"code":121,"indent":1,"parameters":[48,48,0]},{"code":119,"indent":1,"parameters":["START"]},{"code":0,"indent":1,"parameters":[]},{"code":412,"indent":0,"parameters":[]},{"code":111,"indent":0,"parameters":[1,1,0,48,0]},{"code":111,"indent":1,"parameters":[0,49,1]},{"code":0,"indent":2,"parameters":[]},{"code":412,"indent":1,"parameters":[]},{"code":121,"indent":1,"parameters":[49,49,0]},{"code":119,"indent":1,"parameters":["START"]},{"code":0,"indent":1,"parameters":[]},{"code":412,"indent":0,"parameters":[]},{"code":111,"indent":0,"parameters":[1,1,0,49,0]},{"code":111,"indent":1,"parameters":[0,50,1]},{"code":0,"indent":2,"parameters":[]},{"code":412,"indent":1,"parameters":[]},{"code":121,"indent":1,"parameters":[50,50,0]},{"code":119,"indent":1,"parameters":["START"]},{"code":0,"indent":1,"parameters":[]},{"code":412,"indent":0,"parameters":[]},{"code":111,"indent":0,"parameters":[1,1,0,50,0]},{"code":111,"indent":1,"parameters":[0,51,1]},{"code":0,"indent":2,"parameters":[]},{"code":412,"indent":1,"parameters":[]},{"code":121,"indent":1,"parameters":[51,51,0]},{"code":119,"indent":1,"parameters":["START"]},{"code":0,"indent":1,"parameters":[]},{"code":412,"indent":0,"parameters":[]},{"code":111,"indent":0,"parameters":[1,1,0,51,0]},{"code":111,"indent":1,"parameters":[0,52,1]},{"code":0,"indent":2,"parameters":[]},{"code":412,"indent":1,"parameters":[]},{"code":121,"indent":1,"parameters":[52,52,0]},{"code":119,"indent":1,"parameters":["START"]},{"code":0,"indent":1,"parameters":[]},{"code":412,"indent":0,"parameters":[]},{"code":111,"indent":0,"parameters":[1,1,0,52,0]},{"code":111,"indent":1,"parameters":[0,53,1]},{"code":0,"indent":2,"parameters":[]},{"code":412,"indent":1,"parameters":[]},{"code":121,"indent":1,"parameters":[53,53,0]},{"code":119,"indent":1,"parameters":["START"]},{"code":0,"indent":1,"parameters":[]},{"code":412,"indent":0,"parameters":[]},{"code":111,"indent":0,"parameters":[1,1,0,53,0]},{"code":111,"indent":1,"parameters":[0,54,1]},{"code":0,"indent":2,"parameters":[]},{"code":412,"indent":1,"parameters":[]},{"code":121,"indent":1,"parameters":[54,54,0]},{"code":119,"indent":1,"parameters":["START"]},{"code":0,"indent":1,"parameters":[]},{"code":412,"indent":0,"parameters":[]},{"code":111,"indent":0,"parameters":[1,1,0,54,0]},{"code":111,"indent":1,"parameters":[0,55,1]},{"code":0,"indent":2,"parameters":[]},{"code":412,"indent":1,"parameters":[]},{"code":121,"indent":1,"parameters":[55,55,0]},{"code":119,"indent":1,"parameters":["START"]},{"code":0,"indent":1,"parameters":[]},{"code":412,"indent":0,"parameters":[]},{"code":111,"indent":0,"parameters":[1,1,0,55,0]},{"code":111,"indent":1,"parameters":[0,56,1]},{"code":0,"indent":2,"parameters":[]},{"code":412,"indent":1,"parameters":[]},{"code":121,"indent":1,"parameters":[56,56,0]},{"code":119,"indent":1,"parameters":["START"]},{"code":0,"indent":1,"parameters":[]},{"code":412,"indent":0,"parameters":[]},{"code":111,"indent":0,"parameters":[1,1,0,56,0]},{"code":111,"indent":1,"parameters":[0,57,1]},{"code":0,"indent":2,"parameters":[]},{"code":412,"indent":1,"parameters":[]},{"code":121,"indent":1,"parameters":[57,57,0]},{"code":119,"indent":1,"parameters":["START"]},{"code":0,"indent":1,"parameters":[]},{"code":412,"indent":0,"parameters":[]},{"code":111,"indent":0,"parameters":[1,1,0,57,0]},{"code":111,"indent":1,"parameters":[0,58,1]},{"code":0,"indent":2,"parameters":[]},{"code":412,"indent":1,"parameters":[]},{"code":121,"indent":1,"parameters":[58,58,0]},{"code":119,"indent":1,"parameters":["START"]},{"code":0,"indent":1,"parameters":[]},{"code":412,"indent":0,"parameters":[]},{"code":111,"indent":0,"parameters":[1,1,0,58,0]},{"code":111,"indent":1,"parameters":[0,59,1]},{"code":0,"indent":2,"parameters":[]},{"code":412,"indent":1,"parameters":[]},{"code":121,"indent":1,"parameters":[59,59,0]},{"code":119,"indent":1,"parameters":["START"]},{"code":0,"indent":1,"parameters":[]},{"code":412,"indent":0,"parameters":[]},{"code":111,"indent":0,"parameters":[1,1,0,59,0]},{"code":111,"indent":1,"parameters":[0,60,1]},{"code":0,"indent":2,"parameters":[]},{"code":412,"indent":1,"parameters":[]},{"code":121,"indent":1,"parameters":[60,60,0]},{"code":119,"indent":1,"parameters":["START"]},{"code":0,"indent":1,"parameters":[]},{"code":412,"indent":0,"parameters":[]},{"code":111,"indent":0,"parameters":[1,1,0,60,0]},{"code":111,"indent":1,"parameters":[0,61,1]},{"code":0,"indent":2,"parameters":[]},{"code":412,"indent":1,"parameters":[]},{"code":121,"indent":1,"parameters":[61,61,0]},{"code":119,"indent":1,"parameters":["START"]},{"code":0,"indent":1,"parameters":[]},{"code":412,"indent":0,"parameters":[]},{"code":111,"indent":0,"parameters":[1,1,0,61,0]},{"code":111,"indent":1,"parameters":[0,62,1]},{"code":0,"indent":2,"parameters":[]},{"code":412,"indent":1,"parameters":[]},{"code":121,"indent":1,"parameters":[62,62,0]},{"code":119,"indent":1,"parameters":["START"]},{"code":0,"indent":1,"parameters":[]},{"code":412,"indent":0,"parameters":[]},{"code":111,"indent":0,"parameters":[1,1,0,62,0]},{"code":111,"indent":1,"parameters":[0,63,1]},{"code":0,"indent":2,"parameters":[]},{"code":412,"indent":1,"parameters":[]},{"code":121,"indent":1,"parameters":[63,63,0]},{"code":119,"indent":1,"parameters":["START"]},{"code":0,"indent":1,"parameters":[]},{"code":412,"indent":0,"parameters":[]},{"code":111,"indent":0,"parameters":[1,1,0,63,0]},{"code":111,"indent":1,"parameters":[0,64,1]},{"code":0,"indent":2,"parameters":[]},{"code":412,"indent":1,"parameters":[]},{"code":121,"indent":1,"parameters":[64,64,0]},{"code":119,"indent":1,"parameters":["START"]},{"code":0,"indent":1,"parameters":[]},{"code":412,"indent":0,"parameters":[]},{"code":111,"indent":0,"parameters":[1,1,0,64,0]},{"code":111,"indent":1,"parameters":[0,65,1]},{"code":0,"indent":2,"parameters":[]},{"code":412,"indent":1,"parameters":[]},{"code":121,"indent":1,"parameters":[65,65,0]},{"code":119,"indent":1,"parameters":["START"]},{"code":0,"indent":1,"parameters":[]},{"code":412,"indent":0,"parameters":[]},{"code":111,"indent":0,"parameters":[1,1,0,65,0]},{"code":111,"indent":1,"parameters":[0,66,1]},{"code":0,"indent":2,"parameters":[]},{"code":412,"indent":1,"parameters":[]},{"code":121,"indent":1,"parameters":[66,66,0]},{"code":119,"indent":1,"parameters":["START"]},{"code":0,"indent":1,"parameters":[]},{"code":412,"indent":0,"parameters":[]},{"code":111,"indent":0,"parameters":[1,1,0,66,0]},{"code":111,"indent":1,"parameters":[0,67,1]},{"code":0,"indent":2,"parameters":[]},{"code":412,"indent":1,"parameters":[]},{"code":121,"indent":1,"parameters":[67,67,0]},{"code":119,"indent":1,"parameters":["START"]},{"code":0,"indent":1,"parameters":[]},{"code":412,"indent":0,"parameters":[]},{"code":111,"indent":0,"parameters":[1,1,0,67,0]},{"code":111,"indent":1,"parameters":[0,68,1]},{"code":0,"indent":2,"parameters":[]},{"code":412,"indent":1,"parameters":[]},{"code":121,"indent":1,"parameters":[68,68,0]},{"code":119,"indent":1,"parameters":["START"]},{"code":0,"indent":1,"parameters":[]},{"code":412,"indent":0,"parameters":[]},{"code":111,"indent":0,"parameters":[1,1,0,68,0]},{"code":111,"indent":1,"parameters":[0,69,1]},{"code":0,"indent":2,"parameters":[]},{"code":412,"indent":1,"parameters":[]},{"code":121,"indent":1,"parameters":[69,69,0]},{"code":119,"indent":1,"parameters":["START"]},{"code":0,"indent":1,"parameters":[]},{"code":412,"indent":0,"parameters":[]},{"code":111,"indent":0,"parameters":[1,1,0,69,0]},{"code":111,"indent":1,"parameters":[0,70,1]},{"code":0,"indent":2,"parameters":[]},{"code":412,"indent":1,"parameters":[]},{"code":121,"indent":1,"parameters":[70,70,0]},{"code":119,"indent":1,"parameters":["START"]},{"code":0,"indent":1,"parameters":[]},{"code":412,"indent":0,"parameters":[]},{"code":111,"indent":0,"parameters":[1,1,0,70,0]},{"code":111,"indent":1,"parameters":[0,71,1]},{"code":0,"indent":2,"parameters":[]},{"code":412,"indent":1,"parameters":[]},{"code":121,"indent":1,"parameters":[71,71,0]},{"code":119,"indent":1,"parameters":["START"]},{"code":0,"indent":1,"parameters":[]},{"code":412,"indent":0,"parameters":[]},{"code":111,"indent":0,"parameters":[1,1,0,71,0]},{"code":111,"indent":1,"parameters":[0,72,1]},{"code":0,"indent":2,"parameters":[]},{"code":412,"indent":1,"parameters":[]},{"code":121,"indent":1,"parameters":[72,72,0]},{"code":119,"indent":1,"parameters":["START"]},{"code":0,"indent":1,"parameters":[]},{"code":412,"indent":0,"parameters":[]},{"code":111,"indent":0,"parameters":[1,1,0,72,0]},{"code":111,"indent":1,"parameters":[0,73,1]},{"code":0,"indent":2,"parameters":[]},{"code":412,"indent":1,"parameters":[]},{"code":121,"indent":1,"parameters":[73,73,0]},{"code":119,"indent":1,"parameters":["START"]},{"code":0,"indent":1,"parameters":[]},{"code":412,"indent":0,"parameters":[]},{"code":111,"indent":0,"parameters":[1,1,0,73,0]},{"code":111,"indent":1,"parameters":[0,74,1]},{"code":0,"indent":2,"parameters":[]},{"code":412,"indent":1,"parameters":[]},{"code":121,"indent":1,"parameters":[74,74,0]},{"code":119,"indent":1,"parameters":["START"]},{"code":0,"indent":1,"parameters":[]},{"code":412,"indent":0,"parameters":[]},{"code":111,"indent":0,"parameters":[1,1,0,74,0]},{"code":111,"indent":1,"parameters":[0,75,1]},{"code":0,"indent":2,"parameters":[]},{"code":412,"indent":1,"parameters":[]},{"code":121,"indent":1,"parameters":[75,75,0]},{"code":119,"indent":1,"parameters":["START"]},{"code":0,"indent":1,"parameters":[]},{"code":412,"indent":0,"parameters":[]},{"code":111,"indent":0,"parameters":[1,1,0,75,0]},{"code":111,"indent":1,"parameters":[0,76,1]},{"code":0,"indent":2,"parameters":[]},{"code":412,"indent":1,"parameters":[]},{"code":121,"indent":1,"parameters":[76,76,0]},{"code":119,"indent":1,"parameters":["START"]},{"code":0,"indent":1,"parameters":[]},{"code":412,"indent":0,"parameters":[]},{"code":111,"indent":0,"parameters":[1,1,0,76,0]},{"code":111,"indent":1,"parameters":[0,77,1]},{"code":0,"indent":2,"parameters":[]},{"code":412,"indent":1,"parameters":[]},{"code":121,"indent":1,"parameters":[77,77,0]},{"code":119,"indent":1,"parameters":["START"]},{"code":0,"indent":1,"parameters":[]},{"code":412,"indent":0,"parameters":[]},{"code":111,"indent":0,"parameters":[1,1,0,77,0]},{"code":111,"indent":1,"parameters":[0,78,1]},{"code":0,"indent":2,"parameters":[]},{"code":412,"indent":1,"parameters":[]},{"code":121,"indent":1,"parameters":[78,78,0]},{"code":119,"indent":1,"parameters":["START"]},{"code":0,"indent":1,"parameters":[]},{"code":412,"indent":0,"parameters":[]},{"code":111,"indent":0,"parameters":[1,1,0,78,0]},{"code":111,"indent":1,"parameters":[0,79,1]},{"code":0,"indent":2,"parameters":[]},{"code":412,"indent":1,"parameters":[]},{"code":121,"indent":1,"parameters":[79,79,0]},{"code":119,"indent":1,"parameters":["START"]},{"code":0,"indent":1,"parameters":[]},{"code":412,"indent":0,"parameters":[]},{"code":111,"indent":0,"parameters":[1,1,0,79,0]},{"code":111,"indent":1,"parameters":[0,80,1]},{"code":0,"indent":2,"parameters":[]},{"code":412,"indent":1,"parameters":[]},{"code":121,"indent":1,"parameters":[80,80,0]},{"code":119,"indent":1,"parameters":["START"]},{"code":0,"indent":1,"parameters":[]},{"code":412,"indent":0,"parameters":[]},{"code":111,"indent":0,"parameters":[1,1,0,80,0]},{"code":111,"indent":1,"parameters":[0,81,1]},{"code":0,"indent":2,"parameters":[]},{"code":412,"indent":1,"parameters":[]},{"code":121,"indent":1,"parameters":[81,81,0]},{"code":119,"indent":1,"parameters":["START"]},{"code":0,"indent":1,"parameters":[]},{"code":412,"indent":0,"parameters":[]},{"code":111,"indent":0,"parameters":[1,1,0,81,0]},{"code":111,"indent":1,"parameters":[0,82,1]},{"code":0,"indent":2,"parameters":[]},{"code":412,"indent":1,"parameters":[]},{"code":121,"indent":1,"parameters":[82,82,0]},{"code":119,"indent":1,"parameters":["START"]},{"code":0,"indent":1,"parameters":[]},{"code":412,"indent":0,"parameters":[]},{"code":111,"indent":0,"parameters":[1,1,0,82,0]},{"code":111,"indent":1,"parameters":[0,83,1]},{"code":0,"indent":2,"parameters":[]},{"code":412,"indent":1,"parameters":[]},{"code":121,"indent":1,"parameters":[83,83,0]},{"code":119,"indent":1,"parameters":["START"]},{"code":0,"indent":1,"parameters":[]},{"code":412,"indent":0,"parameters":[]},{"code":111,"indent":0,"parameters":[1,1,0,83,0]},{"code":111,"indent":1,"parameters":[0,84,1]},{"code":0,"indent":2,"parameters":[]},{"code":412,"indent":1,"parameters":[]},{"code":121,"indent":1,"parameters":[84,84,0]},{"code":119,"indent":1,"parameters":["START"]},{"code":0,"indent":1,"parameters":[]},{"code":412,"indent":0,"parameters":[]},{"code":111,"indent":0,"parameters":[1,1,0,84,0]},{"code":111,"indent":1,"parameters":[0,85,1]},{"code":0,"indent":2,"parameters":[]},{"code":412,"indent":1,"parameters":[]},{"code":121,"indent":1,"parameters":[85,85,0]},{"code":119,"indent":1,"parameters":["START"]},{"code":0,"indent":1,"parameters":[]},{"code":412,"indent":0,"parameters":[]},{"code":111,"indent":0,"parameters":[1,1,0,85,0]},{"code":111,"indent":1,"parameters":[0,86,1]},{"code":0,"indent":2,"parameters":[]},{"code":412,"indent":1,"parameters":[]},{"code":121,"indent":1,"parameters":[86,86,0]},{"code":119,"indent":1,"parameters":["START"]},{"code":0,"indent":1,"parameters":[]},{"code":412,"indent":0,"parameters":[]},{"code":111,"indent":0,"parameters":[1,1,0,86,0]},{"code":111,"indent":1,"parameters":[0,87,1]},{"code":0,"indent":2,"parameters":[]},{"code":412,"indent":1,"parameters":[]},{"code":121,"indent":1,"parameters":[87,87,0]},{"code":119,"indent":1,"parameters":["START"]},{"code":0,"indent":1,"parameters":[]},{"code":412,"indent":0,"parameters":[]},{"code":111,"indent":0,"parameters":[1,1,0,87,0]},{"code":111,"indent":1,"parameters":[0,88,1]},{"code":0,"indent":2,"parameters":[]},{"code":412,"indent":1,"parameters":[]},{"code":121,"indent":1,"parameters":[88,88,0]},{"code":119,"indent":1,"parameters":["START"]},{"code":0,"indent":1,"parameters":[]},{"code":412,"indent":0,"parameters":[]},{"code":111,"indent":0,"parameters":[1,1,0,88,0]},{"code":111,"indent":1,"parameters":[0,89,1]},{"code":0,"indent":2,"parameters":[]},{"code":412,"indent":1,"parameters":[]},{"code":121,"indent":1,"parameters":[89,89,0]},{"code":119,"indent":1,"parameters":["START"]},{"code":0,"indent":1,"parameters":[]},{"code":412,"indent":0,"parameters":[]},{"code":111,"indent":0,"parameters":[1,1,0,89,0]},{"code":111,"indent":1,"parameters":[0,90,1]},{"code":0,"indent":2,"parameters":[]},{"code":412,"indent":1,"parameters":[]},{"code":121,"indent":1,"parameters":[90,90,0]},{"code":119,"indent":1,"parameters":["START"]},{"code":0,"indent":1,"parameters":[]},{"code":412,"indent":0,"parameters":[]},{"code":111,"indent":0,"parameters":[1,1,0,90,0]},{"code":111,"indent":1,"parameters":[0,91,1]},{"code":0,"indent":2,"parameters":[]},{"code":412,"indent":1,"parameters":[]},{"code":121,"indent":1,"parameters":[91,91,0]},{"code":119,"indent":1,"parameters":["START"]},{"code":0,"indent":1,"parameters":[]},{"code":412,"indent":0,"parameters":[]},{"code":111,"indent":0,"parameters":[1,1,0,91,0]},{"code":111,"indent":1,"parameters":[0,92,1]},{"code":0,"indent":2,"parameters":[]},{"code":412,"indent":1,"parameters":[]},{"code":121,"indent":1,"parameters":[92,92,0]},{"code":119,"indent":1,"parameters":["START"]},{"code":0,"indent":1,"parameters":[]},{"code":412,"indent":0,"parameters":[]},{"code":111,"indent":0,"parameters":[1,1,0,92,0]},{"code":111,"indent":1,"parameters":[0,93,1]},{"code":0,"indent":2,"parameters":[]},{"code":412,"indent":1,"parameters":[]},{"code":121,"indent":1,"parameters":[93,93,0]},{"code":119,"indent":1,"parameters":["START"]},{"code":0,"indent":1,"parameters":[]},{"code":412,"indent":0,"parameters":[]},{"code":111,"indent":0,"parameters":[1,1,0,93,0]},{"code":111,"indent":1,"parameters":[0,94,1]},{"code":0,"indent":2,"parameters":[]},{"code":412,"indent":1,"parameters":[]},{"code":121,"indent":1,"parameters":[94,94,0]},{"code":119,"indent":1,"parameters":["START"]},{"code":0,"indent":1,"parameters":[]},{"code":412,"indent":0,"parameters":[]},{"code":111,"indent":0,"parameters":[1,1,0,94,0]},{"code":111,"indent":1,"parameters":[0,95,1]},{"code":0,"indent":2,"parameters":[]},{"code":412,"indent":1,"parameters":[]},{"code":121,"indent":1,"parameters":[95,95,0]},{"code":119,"indent":1,"parameters":["START"]},{"code":0,"indent":1,"parameters":[]},{"code":412,"indent":0,"parameters":[]},{"code":111,"indent":0,"parameters":[1,1,0,95,0]},{"code":111,"indent":1,"parameters":[0,96,1]},{"code":0,"indent":2,"parameters":[]},{"code":412,"indent":1,"parameters":[]},{"code":121,"indent":1,"parameters":[96,96,0]},{"code":119,"indent":1,"parameters":["START"]},{"code":0,"indent":1,"parameters":[]},{"code":412,"indent":0,"parameters":[]},{"code":111,"indent":0,"parameters":[1,1,0,96,0]},{"code":111,"indent":1,"parameters":[0,97,1]},{"code":0,"indent":2,"parameters":[]},{"code":412,"indent":1,"parameters":[]},{"code":121,"indent":1,"parameters":[97,97,0]},{"code":119,"indent":1,"parameters":["START"]},{"code":0,"indent":1,"parameters":[]},{"code":412,"indent":0,"parameters":[]},{"code":111,"indent":0,"parameters":[1,1,0,97,0]},{"code":111,"indent":1,"parameters":[0,98,1]},{"code":0,"indent":2,"parameters":[]},{"code":412,"indent":1,"parameters":[]},{"code":121,"indent":1,"parameters":[98,98,0]},{"code":119,"indent":1,"parameters":["START"]},{"code":0,"indent":1,"parameters":[]},{"code":412,"indent":0,"parameters":[]},{"code":111,"indent":0,"parameters":[1,1,0,98,0]},{"code":111,"indent":1,"parameters":[0,99,1]},{"code":0,"indent":2,"parameters":[]},{"code":412,"indent":1,"parameters":[]},{"code":121,"indent":1,"parameters":[99,99,0]},{"code":119,"indent":1,"parameters":["START"]},{"code":0,"indent":1,"parameters":[]},{"code":412,"indent":0,"parameters":[]},{"code":111,"indent":0,"parameters":[1,1,0,99,0]},{"code":111,"indent":1,"parameters":[0,100,1]},{"code":0,"indent":2,"parameters":[]},{"code":412,"indent":1,"parameters":[]},{"code":121,"indent":1,"parameters":[100,100,0]},{"code":119,"indent":1,"parameters":["START"]},{"code":0,"indent":1,"parameters":[]},{"code":412,"indent":0,"parameters":[]},{"code":111,"indent":0,"parameters":[1,1,0,100,0]},{"code":111,"indent":1,"parameters":[0,101,1]},{"code":0,"indent":2,"parameters":[]},{"code":412,"indent":1,"parameters":[]},{"code":121,"indent":1,"parameters":[101,101,0]},{"code":119,"indent":1,"parameters":["START"]},{"code":0,"indent":1,"parameters":[]},{"code":412,"indent":0,"parameters":[]},{"code":0,"indent":0,"parameters":[]}],"name":"QUIZ","switchId":1,"trigger":0},
{"id":3,"list":[{"code":111,"indent":0,"parameters":[1,42,1,7,0]},{"code":121,"indent":1,"parameters":[109,109,0]},{"code":122,"indent":1,"parameters":[7,7,0,0,0]},{"code":115,"indent":1,"parameters":[]},{"code":0,"indent":1,"parameters":[]},{"code":412,"indent":0,"parameters":[]},{"code":122,"indent":0,"parameters":[6,6,1,0,1]},{"code":111,"indent":0,"parameters":[1,6,0,60,0]},{"code":122,"indent":1,"parameters":[6,6,0,0,0]},{"code":122,"indent":1,"parameters":[7,7,1,0,1]},{"code":0,"indent":1,"parameters":[]},{"code":412,"indent":0,"parameters":[]},{"code":111,"indent":0,"parameters":[1,7,0,24,0]},{"code":122,"indent":1,"parameters":[7,7,0,0,0]},{"code":0,"indent":1,"parameters":[]},{"code":412,"indent":0,"parameters":[]},{"code":122,"indent":0,"parameters":[13,13,0,1,7]},{"code":122,"indent":0,"parameters":[13,13,5,0,10]},{"code":122,"indent":0,"parameters":[12,12,0,1,7]},{"code":122,"indent":0,"parameters":[12,12,2,1,13]},{"code":122,"indent":0,"parameters":[12,12,4,0,10]},{"code":122,"indent":0,"parameters":[15,15,0,1,6]},{"code":122,"indent":0,"parameters":[15,15,5,0,10]},{"code":122,"indent":0,"parameters":[14,14,0,1,6]},{"code":122,"indent":0,"parameters":[14,14,2,1,15]},{"code":122,"indent":0,"parameters":[14,14,4,0,10]},{"code":111,"indent":0,"parameters":[1,12,0,0,0]},{"code":231,"indent":1,"parameters":[3,"num0",0,1,8,4,100,100,255,0]},{"code":0,"indent":1,"parameters":[]},{"code":411,"indent":0,"parameters":[]},{"code":111,"indent":1,"parameters":[1,12,0,1,0]},{"code":231,"indent":2,"parameters":[3,"num1",0,1,8,4,100,100,255,0]},{"code":0,"indent":2,"parameters":[]},{"code":411,"indent":1,"parameters":[]},{"code":231,"indent":2,"parameters":[3,"num2",0,1,8,4,100,100,255,0]},{"code":0,"indent":2,"parameters":[]},{"code":412,"indent":1,"parameters":[]},{"code":0,"indent":1,"parameters":[]},{"code":412,"indent":0,"parameters":[]},{"code":111,"indent":0,"parameters":[1,13,0,0,0]},{"code":231,"indent":1,"parameters":[4,"num0",0,1,9,4,100,100,255,0]},{"code":0,"indent":1,"parameters":[]},{"code":411,"indent":0,"parameters":[]},{"code":111,"indent":1,"parameters":[1,13,0,1,0]},{"code":231,"indent":2,"parameters":[4,"num1",0,1,9,4,100,100,255,0]},{"code":0,"indent":2,"parameters":[]},{"code":411,"indent":1,"parameters":[]},{"code":111,"indent":2,"parameters":[1,13,0,2,0]},{"code":231,"indent":3,"parameters":[4,"num2",0,1,9,4,100,100,255,0]},{"code":0,"indent":3,"parameters":[]},{"code":411,"indent":2,"parameters":[]},{"code":111,"indent":3,"parameters":[1,13,0,3,0]},{"code":231,"indent":4,"parameters":[4,"num3",0,1,9,4,100,100,255,0]},{"code":0,"indent":4,"parameters":[]},{"code":411,"indent":3,"parameters":[]},{"code":111,"indent":4,"parameters":[1,13,0,4,0]},{"code":231,"indent":5,"parameters":[4,"num4",0,1,9,4,100,100,255,0]},{"code":0,"indent":5,"parameters":[]},{"code":411,"indent":4,"parameters":[]},{"code":111,"indent":5,"parameters":[1,13,0,5,0]},{"code":231,"indent":6,"parameters":[4,"num5",0,1,9,4,100,100,255,0]},{"code":0,"indent":6,"parameters":[]},{"code":411,"indent":5,"parameters":[]},{"code":111,"indent":6,"parameters":[1,13,0,6,0]},{"code":231,"indent":7,"parameters":[4,"num6",0,1,9,4,100,100,255,0]},{"code":0,"indent":7,"parameters":[]},{"code":411,"indent":6,"parameters":[]},{"code":111,"indent":7,"parameters":[1,13,0,7,0]},{"code":231,"indent":8,"parameters":[4,"num7",0,1,9,4,100,100,255,0]},{"code":0,"indent":8,"parameters":[]},{"code":411,"indent":7,"parameters":[]},{"code":111,"indent":8,"parameters":[1,13,0,8,0]},{"code":231,"indent":9,"parameters":[4,"num8",0,1,9,4,100,100,255,0]},{"code":111,"indent":9,"parameters":[1,12,0,1,0]},{"code":117,"indent":10,"parameters":[7]},{"code":0,"indent":10,"parameters":[]},{"code":412,"indent":9,"parameters":[]},{"code":0,"indent":9,"parameters":[]},{"code":411,"indent":8,"parameters":[]},{"code":111,"indent":9,"parameters":[1,13,0,9,0]},{"code":231,"indent":10,"parameters":[4,"num9",0,1,9,4,100,100,255,0]},{"code":0,"indent":10,"parameters":[]},{"code":411,"indent":9,"parameters":[]},{"code":0,"indent":10,"parameters":[]},{"code":412,"indent":9,"parameters":[]},{"code":0,"indent":9,"parameters":[]},{"code":412,"indent":8,"parameters":[]},{"code":0,"indent":8,"parameters":[]},{"code":412,"indent":7,"parameters":[]},{"code":0,"indent":7,"parameters":[]},{"code":412,"indent":6,"parameters":[]},{"code":0,"indent":6,"parameters":[]},{"code":412,"indent":5,"parameters":[]},{"code":0,"indent":5,"parameters":[]},{"code":412,"indent":4,"parameters":[]},{"code":0,"indent":4,"parameters":[]},{"code":412,"indent":3,"parameters":[]},{"code":0,"indent":3,"parameters":[]},{"code":412,"indent":2,"parameters":[]},{"code":0,"indent":2,"parameters":[]},{"code":412,"indent":1,"parameters":[]},{"code":0,"indent":1,"parameters":[]},{"code":412,"indent":0,"parameters":[]},{"code":111,"indent":0,"parameters":[1,14,0,0,0]},{"code":231,"indent":1,"parameters":[5,"num0",0,1,10,4,100,100,255,0]},{"code":0,"indent":1,"parameters":[]},{"code":411,"indent":0,"parameters":[]},{"code":111,"indent":1,"parameters":[1,14,0,1,0]},{"code":231,"indent":2,"parameters":[5,"num1",0,1,10,4,100,100,255,0]},{"code":0,"indent":2,"parameters":[]},{"code":411,"indent":1,"parameters":[]},{"code":111,"indent":2,"parameters":[1,14,0,2,0]},{"code":231,"indent":3,"parameters":[5,"num2",0,1,10,4,100,100,255,0]},{"code":0,"indent":3,"parameters":[]},{"code":411,"indent":2,"parameters":[]},{"code":111,"indent":3,"parameters":[1,14,0,3,0]},{"code":231,"indent":4,"parameters":[5,"num3",0,1,10,4,100,100,255,0]},{"code":0,"indent":4,"parameters":[]},{"code":411,"indent":3,"parameters":[]},{"code":111,"indent":4,"parameters":[1,14,0,4,0]},{"code":231,"indent":5,"parameters":[5,"num4",0,1,10,4,100,100,255,0]},{"code":0,"indent":5,"parameters":[]},{"code":411,"indent":4,"parameters":[]},{"code":231,"indent":5,"parameters":[5,"num5",0,1,10,4,100,100,255,0]},{"code":0,"indent":5,"parameters":[]},{"code":412,"indent":4,"parameters":[]},{"code":0,"indent":4,"parameters":[]},{"code":412,"indent":3,"parameters":[]},{"code":0,"indent":3,"parameters":[]},{"code":412,"indent":2,"parameters":[]},{"code":0,"indent":2,"parameters":[]},{"code":412,"indent":1,"parameters":[]},{"code":0,"indent":1,"parameters":[]},{"code":412,"indent":0,"parameters":[]},{"code":111,"indent":0,"parameters":[1,15,0,0,0]},{"code":231,"indent":1,"parameters":[6,"num0",0,1,11,4,100,100,255,0]},{"code":0,"indent":1,"parameters":[]},{"code":411,"indent":0,"parameters":[]},{"code":111,"indent":1,"parameters":[1,15,0,1,0]},{"code":231,"indent":2,"parameters":[6,"num1",0,1,11,4,100,100,255,0]},{"code":0,"indent":2,"parameters":[]},{"code":411,"indent":1,"parameters":[]},{"code":111,"indent":2,"parameters":[1,15,0,2,0]},{"code":231,"indent":3,"parameters":[6,"num2",0,1,11,4,100,100,255,0]},{"code":0,"indent":3,"parameters":[]},{"code":411,"indent":2,"parameters":[]},{"code":111,"indent":3,"parameters":[1,15,0,3,0]},{"code":231,"indent":4,"parameters":[6,"num3",0,1,11,4,100,100,255,0]},{"code":0,"indent":4,"parameters":[]},{"code":411,"indent":3,"parameters":[]},{"code":111,"indent":4,"parameters":[1,15,0,4,0]},{"code":231,"indent":5,"parameters":[6,"num4",0,1,11,4,100,100,255,0]},{"code":0,"indent":5,"parameters":[]},{"code":411,"indent":4,"parameters":[]},{"code":111,"indent":5,"parameters":[1,15,0,5,0]},{"code":231,"indent":6,"parameters":[6,"num5",0,1,11,4,100,100,255,0]},{"code":0,"indent":6,"parameters":[]},{"code":411,"indent":5,"parameters":[]},{"code":111,"indent":6,"parameters":[1,15,0,6,0]},{"code":231,"indent":7,"parameters":[6,"num6",0,1,11,4,100,100,255,0]},{"code":0,"indent":7,"parameters":[]},{"code":411,"indent":6,"parameters":[]},{"code":111,"indent":7,"parameters":[1,15,0,7,0]},{"code":231,"indent":8,"parameters":[6,"num7",0,1,11,4,100,100,255,0]},{"code":0,"indent":8,"parameters":[]},{"code":411,"indent":7,"parameters":[]},{"code":111,"indent":8,"parameters":[1,15,0,8,0]},{"code":231,"indent":9,"parameters":[6,"num8",0,1,11,4,100,100,255,0]},{"code":0,"indent":9,"parameters":[]},{"code":411,"indent":8,"parameters":[]},{"code":231,"indent":9,"parameters":[6,"num9",0,1,11,4,100,100,255,0]},{"code":0,"indent":9,"parameters":[]},{"code":412,"indent":8,"parameters":[]},{"code":0,"indent":8,"parameters":[]},{"code":412,"indent":7,"parameters":[]},{"code":0,"indent":7,"parameters":[]},{"code":412,"indent":6,"parameters":[]},{"code":0,"indent":6,"parameters":[]},{"code":412,"indent":5,"parameters":[]},{"code":0,"indent":5,"parameters":[]},{"code":412,"indent":4,"parameters":[]},{"code":0,"indent":4,"parameters":[]},{"code":412,"indent":3,"parameters":[]},{"code":0,"indent":3,"parameters":[]},{"code":412,"indent":2,"parameters":[]},{"code":0,"indent":2,"parameters":[]},{"code":412,"indent":1,"parameters":[]},{"code":0,"indent":1,"parameters":[]},{"code":412,"indent":0,"parameters":[]},{"code":230,"indent":0,"parameters":[59]},{"code":0,"indent":0,"parameters":[]}],"name":"TIME","switchId":120,"trigger":2},
{"id":4,"list":[{"code":355,"indent":0,"parameters":["$gameScreen.showPicture(14, \"bar-stress\", 0, $gameVariables.value(26), $gameVariables.value(22), $gameVariables.value(16), 100, 255, 1)"]},{"code":111,"indent":0,"parameters":[0,1,0]},{"code":122,"indent":1,"parameters":[16,16,2,0,1]},{"code":111,"indent":1,"parameters":[1,16,0,0,0]},{"code":121,"indent":2,"parameters":[110,110,0]},{"code":117,"indent":2,"parameters":[7]},{"code":0,"indent":2,"parameters":[]},{"code":412,"indent":1,"parameters":[]},{"code":230,"indent":1,"parameters":[65]},{"code":0,"indent":1,"parameters":[]},{"code":412,"indent":0,"parameters":[]},{"code":0,"indent":0,"parameters":[]}],"name":"StressBar","switchId":116,"trigger":2},
{"id":5,"list":[{"code":355,"indent":0,"parameters":["$gameScreen.showPicture(15, \"bar-hygiene\", 0, $gameVariables.value(24), $gameVariables.value(22), $gameVariables.value(18), 100, 255, 1)"]},{"code":111,"indent":0,"parameters":[0,1,0]},{"code":122,"indent":1,"parameters":[18,18,2,0,1]},{"code":111,"indent":1,"parameters":[1,18,0,0,0]},{"code":121,"indent":2,"parameters":[111,111,0]},{"code":117,"indent":2,"parameters":[7]},{"code":0,"indent":2,"parameters":[]},{"code":412,"indent":1,"parameters":[]},{"code":230,"indent":1,"parameters":[75]},{"code":0,"indent":1,"parameters":[]},{"code":411,"indent":0,"parameters":[]},{"code":122,"indent":1,"parameters":[18,18,2,0,1]},{"code":111,"indent":1,"parameters":[1,18,0,0,0]},{"code":121,"indent":2,"parameters":[111,111,0]},{"code":117,"indent":2,"parameters":[7]},{"code":0,"indent":2,"parameters":[]},{"code":412,"indent":1,"parameters":[]},{"code":230,"indent":1,"parameters":[185]},{"code":0,"indent":1,"parameters":[]},{"code":412,"indent":0,"parameters":[]},{"code":0,"indent":0,"parameters":[]}],"name":"HygieneBar","switchId":118,"trigger":2},
{"id":6,"list":[{"code":355,"indent":0,"parameters":["$gameScreen.showPicture(16, \"bar-satiety\", 0, $gameVariables.value(20), $gameVariables.value(22), $gameVariables.value(17), 100, 255, 1)"]},{"code":111,"indent":0,"parameters":[0,1,0]},{"code":122,"indent":1,"parameters":[17,17,2,0,1]},{"code":111,"indent":1,"parameters":[1,17,0,0,0]},{"code":121,"indent":2,"parameters":[112,112,0]},{"code":117,"indent":2,"parameters":[7]},{"code":0,"indent":2,"parameters":[]},{"code":412,"indent":1,"parameters":[]},{"code":230,"indent":1,"parameters":[80]},{"code":0,"indent":1,"parameters":[]},{"code":411,"indent":0,"parameters":[]},{"code":122,"indent":1,"parameters":[17,17,2,0,1]},{"code":111,"indent":1,"parameters":[1,17,0,0,0]},{"code":121,"indent":2,"parameters":[112,112,0]},{"code":117,"indent":2,"parameters":[7]},{"code":0,"indent":2,"parameters":[]},{"code":412,"indent":1,"parameters":[]},{"code":230,"indent":1,"parameters":[185]},{"code":0,"indent":1,"parameters":[]},{"code":412,"indent":0,"parameters":[]},{"code":0,"indent":0,"parameters":[]}],"name":"SatietyBar","switchId":117,"trigger":2},
{"id":7,"list":[{"code":235,"indent":0,"parameters":[1]},{"code":235,"indent":0,"parameters":[2]},{"code":235,"indent":0,"parameters":[3]},{"code":235,"indent":0,"parameters":[4]},{"code":235,"indent":0,"parameters":[5]},{"code":235,"indent":0,"parameters":[6]},{"code":235,"indent":0,"parameters":[7]},{"code":235,"indent":0,"parameters":[8]},{"code":235,"indent":0,"parameters":[9]},{"code":235,"indent":0,"parameters":[10]},{"code":235,"indent":0,"parameters":[11]},{"code":235,"indent":0,"parameters":[12]},{"code":235,"indent":0,"parameters":[13]},{"code":235,"indent":0,"parameters":[14]},{"code":235,"indent":0,"parameters":[15]},{"code":235,"indent":0,"parameters":[16]},{"code":111,"indent":0,"parameters":[0,115,0]},{"code":231,"indent":1,"parameters":[1,"endCrimea",0,0,0,0,100,100,255,0]},{"code":0,"indent":1,"parameters":[]},{"code":411,"indent":0,"parameters":[]},{"code":111,"indent":1,"parameters":[0,112,0]},{"code":231,"indent":2,"parameters":[1,"endHungerDeath",0,0,0,0,100,100,255,0]},{"code":0,"indent":2,"parameters":[]},{"code":411,"indent":1,"parameters":[]},{"code":111,"indent":2,"parameters":[0,111,0]},{"code":231,"indent":3,"parameters":[1,"endHygiene",0,0,0,0,100,100,255,0]},{"code":0,"indent":3,"parameters":[]},{"code":411,"indent":2,"parameters":[]},{"code":111,"indent":3,"parameters":[0,110,0]},{"code":231,"indent":4,"parameters":[1,"endStress",0,0,0,0,100,100,255,0]},{"code":0,"indent":4,"parameters":[]},{"code":411,"indent":3,"parameters":[]},{"code":111,"indent":4,"parameters":[0,109,0]},{"code":231,"indent":5,"parameters":[1,"endTimesUp",0,0,0,0,100,100,255,0]},{"code":0,"indent":5,"parameters":[]},{"code":411,"indent":4,"parameters":[]},{"code":111,"indent":5,"parameters":[0,108,0]},{"code":231,"indent":6,"parameters":[1,"endTimesUp",0,0,0,0,100,100,255,0]},{"code":0,"indent":6,"parameters":[]},{"code":411,"indent":5,"parameters":[]},{"code":231,"indent":6,"parameters":[1,"endGood",0,0,0,0,100,100,255,0]},{"code":0,"indent":6,"parameters":[]},{"code":412,"indent":5,"parameters":[]},{"code":0,"indent":5,"parameters":[]},{"code":412,"indent":4,"parameters":[]},{"code":0,"indent":4,"parameters":[]},{"code":412,"indent":3,"parameters":[]},{"code":0,"indent":3,"parameters":[]},{"code":412,"indent":2,"parameters":[]},{"code":0,"indent":2,"parameters":[]},{"code":412,"indent":1,"parameters":[]},{"code":0,"indent":1,"parameters":[]},{"code":412,"indent":0,"parameters":[]},{"code":230,"indent":0,"parameters":[600]},{"code":353,"indent":0,"parameters":[]},{"code":0,"indent":0,"parameters":[]}],"name":"GameOver","switchId":1,"trigger":0},
{"id":8,"list":[{"code":235,"indent":0,"parameters":[1]},{"code":121,"indent":0,"parameters":[114,114,0]},{"code":121,"indent":0,"parameters":[113,113,1]},{"code":0,"indent":0,"parameters":[]}],"name":"STEPOUT","switchId":1,"trigger":0}
]